hotspot_id,n_incidents,lat,lon,pct_high_priority,pct_road_closure,median_duration_min,top_corridor,top_cause,top_zone,freq_norm,risk_score
41,306,12.955737261405229,77.54806861205881,0.9934640522875817,0.05555555555555555,35.05276381666667,Mysore Road,vehicle_breakdown,unknown,1.0,80.91503267973856
45,173,12.965723205260117,77.58558211063584,0.9653179190751445,0.17341040462427745,41.38154178333333,Mysore Road,vehicle_breakdown,unknown,0.565359477124183,60.695719520949034
9,173,12.998348959768787,77.58434315757225,1.0,0.046242774566473986,53.13025051666667,Bellary Road 1,vehicle_breakdown,unknown,0.565359477124183,59.19282934753862
81,174,13.017445656781609,77.58419504275862,1.0,0.028735632183908046,37.69672140833333,Bellary Road 1,vehicle_breakdown,unknown,0.5686274509803921,59.00608519269777
87,144,13.041722057638887,77.54914538125,1.0,0.06944444444444445,41.59923455,ORR North 2,vehicle_breakdown,unknown,0.47058823529411764,54.91830065359476
83,129,13.100221241705427,77.59932565465115,1.0,0.046511627906976744,68.71386504166668,Bellary Road 2,vehicle_breakdown,unknown,0.4215686274509804,52.00866393068855
24,117,12.96913142025641,77.70085144222222,1.0,0.02564102564102564,97.56431670833334,ORR East 2,construction,unknown,0.38235294117647056,49.63046757164404
47,108,13.034855609444445,77.58855836898148,1.0,0.046296296296296294,39.90046128333333,Bellary Road 1,vehicle_breakdown,North Zone 2,0.35294117647058826,48.57298474945534
0,108,13.040543115740741,77.51758735277778,1.0,0.009259259259259259,40.02132371666667,Tumkur Road,vehicle_breakdown,unknown,0.35294117647058826,47.83224400871459
10,100,12.9111419378,77.62623299799999,1.0,0.06,27.2487523,Hosur Road,vehicle_breakdown,South Zone 2,0.32679738562091504,47.53986928104575
54,105,12.989166820952383,77.50629846285715,1.0,0.01904761904761905,47.033519925,Magadi Road,vehicle_breakdown,unknown,0.3431372549019608,47.53781512605042
52,101,12.923173684257426,77.61921402693069,1.0,0.0297029702970297,47.175777275,Hosur Road,pot_holes,South Zone 2,0.3300653594771242,47.0973273797968
21,99,13.03009831111111,77.53759116262626,0.98989898989899,0.04040404040404041,38.30340338333333,Tumkur Road,vehicle_breakdown,unknown,0.3235294117647059,46.6815210932858
14,81,12.983191360617285,77.59578725049383,1.0,0.06172839506172839,73.62717490833333,CBD 2,vehicle_breakdown,unknown,0.2647058823529412,44.46986201888163
191,5,12.95006694,77.60581064,1.0,0.6,,Hosur Road,others,unknown,0.016339869281045753,42.81699346405229
124,52,13.041655302884616,77.61397383826923,1.0,0.21153846153846154,89.16106229166667,ORR North 1,construction,North Zone 1,0.16993464052287582,42.72750125691302
55,83,13.017383967108435,77.55874422373493,0.9518072289156626,0.024096385542168676,36.504006333333336,Tumkur Road,vehicle_breakdown,West Zone 2,0.27124183006535946,42.59823608158123
259,7,12.912266804285716,77.48538333428571,1.0,0.5714285714285714,35.844864916666666,Mysore Road,others,West Zone 1,0.02287581699346405,42.57236227824463
46,7,12.974301224285714,77.56613050142857,1.0,0.42857142857142855,50.163881866666664,Magadi Road,procession,Central Zone 2,0.02287581699346405,39.71521942110178
96,52,13.037558346153846,77.62661282115384,1.0,0.057692307692307696,40.354454716666666,ORR North 1,vehicle_breakdown,unknown,0.16993464052287582,39.65057817998994
170,18,12.956139461111112,77.70110345555555,1.0,0.3333333333333333,54.751547716666664,Varthur Road,vehicle_breakdown,East Zone 1,0.058823529411764705,39.6078431372549
23,45,12.937373439777778,77.52002476133333,1.0,0.08888888888888889,65.48658305,Mysore Road,vehicle_breakdown,unknown,0.14705882352941177,39.130718954248366
16,54,13.044638775925925,77.58257820185185,1.0,0.0,,ORR North 2,congestion,unknown,0.17647058823529413,38.82352941176471
1,5,12.92206032,77.64524154,1.0,0.4,27.22668188333333,ORR East 1,vehicle_breakdown,unknown,0.016339869281045753,38.81699346405229
146,5,13.01382824,77.56750278,1.0,0.4,15.850226350000002,Tumkur Road,vehicle_breakdown,West Zone 2,0.016339869281045753,38.81699346405229
25,39,12.986043415384614,77.58835399743589,1.0,0.10256410256410256,56.98812414166667,Bellary Road 1,vehicle_breakdown,unknown,0.12745098039215685,38.42383107088989
212,13,12.966945823076923,77.5948665,1.0,0.3076923076923077,38.599637375,Mysore Road,vehicle_breakdown,unknown,0.042483660130718956,38.2780291603821
125,48,13.070247357291668,77.59282936,1.0,0.020833333333333332,34.49597188333333,Bellary Road 2,vehicle_breakdown,unknown,0.1568627450980392,38.259803921568626
169,38,12.986430497368422,77.64693709394737,1.0,0.05263157894736842,41.571545316666665,Old Madras Road,vehicle_breakdown,unknown,0.12418300653594772,37.26178190574475
254,43,12.927545199999999,77.62113257674419,1.0,0.0,47.083670383333335,IRR(Thanisandra road),pot_holes,South Zone 2,0.14052287581699346,37.02614379084967
172,42,13.041275633333333,77.62203892142857,1.0,0.0,108.22733615,Hennur Main Road,congestion,unknown,0.13725490196078433,36.86274509803922
337,7,12.93149707142857,77.62276166285713,1.0,0.2857142857142857,64.20182368333333,IRR(Thanisandra road),pot_holes,South Zone 2,0.02287581699346405,36.85807656395892
210,7,12.916321528571428,77.63309964285715,1.0,0.2857142857142857,40.523691066666665,ORR East 1,vehicle_breakdown,unknown,0.02287581699346405,36.85807656395892
15,29,12.90556000689655,77.60146030344826,1.0,0.10344827586206896,27.9523293,Bannerghata Road,water_logging,unknown,0.09477124183006536,36.80752760874464
102,41,13.034965341463415,77.52853646341464,1.0,0.0,18.983907716666668,Tumkur Road,vehicle_breakdown,unknown,0.13398692810457516,36.69934640522875
154,27,13.03948174925926,77.64149626814815,1.0,0.1111111111111111,416.3036223083334,Airport New South Road,construction,North Zone 1,0.08823529411764706,36.63398692810457
178,37,12.899620651351352,77.60064303243243,1.0,0.02702702702702703,274.45927052499997,Bannerghata Road,vehicle_breakdown,unknown,0.12091503267973856,36.58629217452747
167,39,13.086165228205129,77.59477316410256,1.0,0.0,44.61752728333333,Bellary Road 2,vehicle_breakdown,unknown,0.12745098039215685,36.37254901960784
220,39,12.991120256410255,77.65704803076923,1.0,0.0,,Old Madras Road,vehicle_breakdown,Central Zone 1,0.12745098039215685,36.37254901960784
38,18,12.92826908888889,77.68132889444445,1.0,0.16666666666666666,27.039215908333333,ORR East 1,vehicle_breakdown,East Zone 1,0.058823529411764705,36.27450980392157
321,9,13.040010466666665,77.62412512888889,1.0,0.2222222222222222,124.48846268333334,Hennur Main Road,construction,North Zone 1,0.029411764705882353,35.91503267973856
134,36,12.995985475833333,77.66763723611112,1.0,0.0,43.703668050000005,ORR North 1,vehicle_breakdown,unknown,0.11764705882352941,35.88235294117647
216,32,13.030416440625,77.63098730625,1.0,0.03125,77.81282659166666,Airport New South Road,vehicle_breakdown,North Zone 1,0.10457516339869281,35.853758169934636
186,32,12.984071440625,77.640981609375,1.0,0.03125,33.5543789,Old Madras Road,vehicle_breakdown,unknown,0.10457516339869281,35.853758169934636
138,26,13.049840423076924,77.59316278461539,1.0,0.07692307692307693,22.431564325,Bellary Road 1,vehicle_breakdown,North Zone 1,0.08496732026143791,35.786827551533435
5,31,12.944778818064515,77.52756361967742,1.0,0.03225806451612903,71.23179281666667,ORR West 1,vehicle_breakdown,unknown,0.10130718954248366,35.710520767446766
211,4,12.959140375,77.7465147,1.0,0.25,,Varthur Road,water_logging,unknown,0.013071895424836602,35.65359477124183
361,4,12.985962585,77.5225459425,1.0,0.25,42.64233144166666,Magadi Road,vehicle_breakdown,West Zone 1,0.013071895424836602,35.65359477124183
68,30,12.97651812,77.60010054333334,1.0,0.03333333333333333,65.57669031666667,Old Madras Road,vehicle_breakdown,unknown,0.09803921568627451,35.56862745098039
30,23,12.979727695652173,77.60267145652173,1.0,0.08695652173913043,55.97955175833333,Old Madras Road,vehicle_breakdown,Central Zone 2,0.07516339869281045,35.49730036942313
258,11,13.04645147,77.5914974090909,1.0,0.18181818181818182,47.0575782,Bellary Road 1,vehicle_breakdown,unknown,0.03594771241830065,35.43374925727867
192,22,12.95783624090909,77.60595146818181,1.0,0.09090909090909091,103.09514586666666,Hosur Road,pot_holes,Central Zone 1,0.0718954248366013,35.41295306001188
103,12,12.939065282500001,77.69491623666667,1.0,0.16666666666666666,38.874027616666666,ORR East 1,vehicle_breakdown,unknown,0.0392156862745098,35.29411764705882
129,12,13.009417158333333,77.662319875,1.0,0.16666666666666666,41.37271345,ORR North 1,vehicle_breakdown,unknown,0.0392156862745098,35.29411764705882
84,13,12.974534776923077,77.54938025384615,1.0,0.15384615384615385,25.0307267,West of Chord Road,vehicle_breakdown,unknown,0.042483660130718956,35.201106083459024
76,13,12.96413346923077,77.5701138,1.0,0.15384615384615385,55.2758047,Mysore Road,vehicle_breakdown,unknown,0.042483660130718956,35.201106083459024
32,18,13.018984684444444,77.65592342666667,1.0,0.1111111111111111,76.73107366666666,ORR North 1,vehicle_breakdown,unknown,0.058823529411764705,35.16339869281045
43,47,12.96681889787234,77.60806935617022,0.851063829787234,0.0851063829787234,61.78226643333333,Mysore Road,vehicle_breakdown,unknown,0.15359477124183007,34.913781115282994
168,25,12.9713807356,77.6060038672,1.0,0.04,90.64092015,Mysore Road,vehicle_breakdown,unknown,0.08169934640522876,34.88496732026144
239,5,12.9902545,77.58861076000001,1.0,0.2,42.345254966666666,Bellary Road 1,others,unknown,0.016339869281045753,34.816993464052295
60,24,13.116391629166666,77.60772196666666,1.0,0.041666666666666664,13.779540783333331,Bellary Road 2,vehicle_breakdown,North Zone 2,0.0784313725490196,34.754901960784316
115,22,13.055017752272727,77.59344367,1.0,0.045454545454545456,54.06417775,Bellary Road 1,vehicle_breakdown,unknown,0.0718954248366013,34.50386215092097
231,27,12.931364655555555,77.68690087777777,1.0,0.0,611.052774625,ORR East 1,pot_holes,unknown,0.08823529411764706,34.411764705882355
35,21,12.983326150000002,77.52995079095237,1.0,0.047619047619047616,153.41269573333332,Magadi Road,vehicle_breakdown,unknown,0.06862745098039216,34.38375350140056
209,6,12.973980966666666,77.61092418333334,1.0,0.16666666666666666,65.14124903333332,Old Madras Road,vehicle_breakdown,unknown,0.0196078431372549,34.31372549019608
136,26,13.121940299999999,77.61084815384615,1.0,0.0,68.16662336666667,Bellary Road 2,vehicle_breakdown,North Zone 2,0.08496732026143791,34.248366013071895
153,18,12.959277492222222,77.65507000333334,1.0,0.05555555555555555,57.83293365,Old Airport Road,vehicle_breakdown,unknown,0.058823529411764705,34.052287581699346
66,7,12.92453147142857,77.64969635714286,1.0,0.14285714285714285,311.41571130000005,ORR East 1,vehicle_breakdown,unknown,0.02287581699346405,34.00093370681606
325,7,12.99973547142857,77.55076531428571,1.0,0.14285714285714285,155.89571066666667,West of Chord Road,tree_fall,unknown,0.02287581699346405,34.00093370681606
270,7,12.879333599999999,77.64625691428571,1.0,0.14285714285714285,40.8658856,Hosur Road,vehicle_breakdown,unknown,0.02287581699346405,34.00093370681606
253,7,13.080458414285715,77.59272774285715,1.0,0.14285714285714285,76.55538980833333,Bellary Road 2,vehicle_breakdown,North Zone 1,0.02287581699346405,34.00093370681606
293,7,13.024109114285713,77.64326345714287,1.0,0.14285714285714285,984.9738974833332,ORR North 1,water_logging,unknown,0.02287581699346405,34.00093370681606
7,17,12.975784897647058,77.62614974529413,1.0,0.058823529411764705,53.08126645,Old Madras Road,vehicle_breakdown,unknown,0.05555555555555555,33.954248366013076
20,84,13.045766531547619,77.50556712547619,0.6547619047619048,0.023809523809523808,33.33879541666667,Tumkur Road,vehicle_breakdown,unknown,0.27450980392156865,33.84453781512605
61,15,13.042932079999998,77.59065935333334,1.0,0.06666666666666667,28.87139116666667,Bellary Road 1,vehicle_breakdown,North Zone 1,0.049019607843137254,33.78431372549019
271,9,12.977157822222223,77.60885807777778,1.0,0.1111111111111111,41.53308571666666,Old Madras Road,vehicle_breakdown,unknown,0.029411764705882353,33.69281045751634
196,9,12.987952355555556,77.4934028,1.0,0.1111111111111111,32.77034728333334,Magadi Road,vehicle_breakdown,unknown,0.029411764705882353,33.69281045751634
58,13,12.913158246153845,77.59993504615385,1.0,0.07692307692307693,37.75064423333333,Bannerghata Road,vehicle_breakdown,unknown,0.042483660130718956,33.662644544997484
97,10,12.96475179,77.57407596,1.0,0.1,41.90043643333333,Mysore Road,vehicle_breakdown,unknown,0.032679738562091505,33.63398692810458
300,12,12.9881617925,77.55006075166666,1.0,0.08333333333333333,120.24809860833334,West of Chord Road,vehicle_breakdown,West Zone 2,0.0392156862745098,33.627450980392155
157,12,13.008135175,77.54860479166666,1.0,0.08333333333333333,75.99992933333334,West of Chord Road,tree_fall,unknown,0.0392156862745098,33.627450980392155
111,11,13.077450945454546,77.59241189090909,1.0,0.09090909090909091,33.33801285,Bellary Road 2,vehicle_breakdown,North Zone 1,0.03594771241830065,33.61556743909685
263,11,13.016634409090909,77.66092192727272,1.0,0.09090909090909091,27.495784800000003,ORR North 1,vehicle_breakdown,unknown,0.03594771241830065,33.61556743909685
89,22,12.98722759090909,77.51960018636363,1.0,0.0,61.61077986666667,Magadi Road,vehicle_breakdown,unknown,0.0718954248366013,33.59477124183006
22,22,13.026328427272727,77.54411237181819,1.0,0.0,67.62782723333333,Tumkur Road,vehicle_breakdown,unknown,0.0718954248366013,33.59477124183006
121,22,12.9060761,77.58573392272727,1.0,0.0,41.19672919166667,ORR West 1,vehicle_breakdown,unknown,0.0718954248366013,33.59477124183006
236,21,13.020956004761905,77.55197855714286,1.0,0.0,66.48960311666666,Tumkur Road,vehicle_breakdown,unknown,0.06862745098039216,33.431372549019606
95,21,12.971869264761906,77.61933481380953,1.0,0.0,30.45191450833333,Old Madras Road,vehicle_breakdown,unknown,0.06862745098039216,33.431372549019606
202,20,12.9255104365,77.549793358,1.0,0.0,56.04167118333333,ORR West 1,vehicle_breakdown,unknown,0.06535947712418301,33.267973856209146
65,55,12.91437897818182,77.56712420909092,0.7818181818181819,0.01818181818181818,75.68631480833334,ORR West 1,vehicle_breakdown,unknown,0.17973856209150327,32.805109922756984
107,17,12.972004411764706,77.59438438235294,1.0,0.0,35.361081058333326,Mysore Road,vehicle_breakdown,unknown,0.05555555555555555,32.77777777777778
247,17,12.950835870588236,77.69970625882354,1.0,0.0,83.30453795,ORR East 1,vehicle_breakdown,unknown,0.05555555555555555,32.77777777777778
163,17,12.928905247058823,77.60037423529411,1.0,0.0,27.85295405,Bannerghata Road,water_logging,unknown,0.05555555555555555,32.77777777777778
234,16,12.8899466875,77.59789919375,1.0,0.0,61.72527071666666,Bannerghata Road,vehicle_breakdown,South Zone 2,0.05228758169934641,32.61437908496732
26,16,13.01278299375,77.5544070625,1.0,0.0,43.68918400833333,West of Chord Road,vehicle_breakdown,unknown,0.05228758169934641,32.61437908496732
193,16,12.955786764375,77.716911459375,1.0,0.0,59.29006258333333,Varthur Road,vehicle_breakdown,East Zone 1,0.05228758169934641,32.61437908496732
75,15,12.976168499333333,77.56451187666667,1.0,0.0,23.99946528333333,Magadi Road,vehicle_breakdown,Central Zone 2,0.049019607843137254,32.450980392156865
187,15,12.985597333333335,77.52570661333333,1.0,0.0,91.11592095,Magadi Road,vehicle_breakdown,unknown,0.049019607843137254,32.450980392156865
180,14,12.973003746428573,77.69871466642857,1.0,0.0,29.160188716666667,ORR East 2,vehicle_breakdown,unknown,0.0457516339869281,32.287581699346404
116,14,12.93577375,77.51326055000001,1.0,0.0,18.845499241666666,Mysore Road,vehicle_breakdown,unknown,0.0457516339869281,32.287581699346404
268,13,12.99754583076923,77.5508789846154,1.0,0.0,,West of Chord Road,vehicle_breakdown,unknown,0.042483660130718956,32.124183006535944
67,13,12.869781643846153,77.65350578153847,1.0,0.0,47.11091685,Hosur Road,vehicle_breakdown,unknown,0.042483660130718956,32.124183006535944
77,12,12.922887716666667,77.657242075,1.0,0.0,79.75770394999999,ORR East 1,vehicle_breakdown,unknown,0.0392156862745098,31.960784313725487
215,12,12.92162475,77.66152886666667,1.0,0.0,36.9388623,ORR East 1,vehicle_breakdown,unknown,0.0392156862745098,31.960784313725487
222,12,12.956183233333334,77.69402414166667,1.0,0.0,43.253628875000004,Old Airport Road,public_event,unknown,0.0392156862745098,31.960784313725487
78,11,12.888978109090909,77.64017764545454,1.0,0.0,44.59544538333333,Hosur Road,vehicle_breakdown,unknown,0.03594771241830065,31.79738562091503
269,11,13.140699863636364,77.61759435454546,1.0,0.0,37.0765129,Bellary Road 2,vehicle_breakdown,unknown,0.03594771241830065,31.79738562091503
110,11,12.933565875454546,77.68900281363636,1.0,0.0,32.95437848333333,ORR East 1,vehicle_breakdown,East Zone 1,0.03594771241830065,31.79738562091503
177,10,13.00317177,77.66308597,1.0,0.0,52.03779613333334,ORR North 1,vehicle_breakdown,unknown,0.032679738562091505,31.633986928104573
151,10,12.928107090000001,77.546137943,1.0,0.0,62.22422101666667,ORR West 1,vehicle_breakdown,unknown,0.032679738562091505,31.633986928104573
109,10,13.007064986,77.583871676,1.0,0.0,49.60811926666667,Bellary Road 1,vehicle_breakdown,unknown,0.032679738562091505,31.633986928104573
282,10,12.97490462,77.61378373,1.0,0.0,38.2213697,Old Madras Road,vehicle_breakdown,unknown,0.032679738562091505,31.633986928104573
195,10,13.19068762,77.64576065,1.0,0.0,98.95300796666668,Bellary Road 2,vehicle_breakdown,unknown,0.032679738562091505,31.633986928104573
183,10,12.96791241,77.59189008000001,1.0,0.0,131.20510380000002,Mysore Road,vehicle_breakdown,Central Zone 2,0.032679738562091505,31.633986928104573
184,10,12.975342950000002,77.5526419,1.0,0.0,44.38574795,Magadi Road,vehicle_breakdown,unknown,0.032679738562091505,31.633986928104573
161,10,12.90626077,77.57331151,1.0,0.0,,ORR West 1,vehicle_breakdown,unknown,0.032679738562091505,31.633986928104573
233,10,12.942857749000002,77.697510602,1.0,0.0,43.20982215,ORR East 1,vehicle_breakdown,East Zone 1,0.032679738562091505,31.633986928104573
181,9,12.900125333333333,77.63319431111111,1.0,0.0,75.03727443333334,Hosur Road,vehicle_breakdown,unknown,0.029411764705882353,31.470588235294116
287,9,12.876999122222223,77.59524578888889,1.0,0.0,34.15102665,Bannerghata Road,vehicle_breakdown,South Zone 2,0.029411764705882353,31.470588235294116
113,9,12.92067863111111,77.66532588333332,1.0,0.0,32.482557983333336,ORR East 1,vehicle_breakdown,unknown,0.029411764705882353,31.470588235294116
273,9,12.997654186666667,77.66375027555556,1.0,0.0,51.47469625833333,ORR North 1,vehicle_breakdown,Central Zone 1,0.029411764705882353,31.470588235294116
237,9,12.922454066666667,77.66923748888888,1.0,0.0,46.88903464166667,ORR East 1,vehicle_breakdown,East Zone 1,0.029411764705882353,31.470588235294116
201,9,12.9606937,77.70144406666667,1.0,0.0,75.97349679166666,ORR East 2,vehicle_breakdown,unknown,0.029411764705882353,31.470588235294116
347,8,12.8661355625,77.5918567125,1.0,0.0,,Bannerghata Road,pot_holes,South Zone 1,0.026143790849673203,31.30718954248366
240,8,12.956370075,77.7090907625,1.0,0.0,35.91581583333333,Varthur Road,vehicle_breakdown,East Zone 1,0.026143790849673203,31.30718954248366
137,8,12.997962625,77.5530222875,1.0,0.0,43.55364956666666,West of Chord Road,vehicle_breakdown,unknown,0.026143790849673203,31.30718954248366
82,8,12.9630797875,77.6416250125,1.0,0.0,70.8526748,Old Airport Road,vehicle_breakdown,unknown,0.026143790849673203,31.30718954248366
165,8,13.0023579625,77.67961745,1.0,0.0,66.92851234999999,ORR East 2,vehicle_breakdown,unknown,0.026143790849673203,31.30718954248366
260,7,12.973002471428572,77.53872992857143,1.0,0.0,31.684662099999997,West of Chord Road,vehicle_breakdown,West Zone 2,0.02287581699346405,31.143790849673202
230,7,13.03284772857143,77.54099838571427,1.0,0.0,68.70698401666667,ORR North 2,vehicle_breakdown,unknown,0.02287581699346405,31.143790849673202
80,7,13.043509628571428,77.6075842857143,1.0,0.0,25.27831845,ORR North 1,vehicle_breakdown,unknown,0.02287581699346405,31.143790849673202
174,7,12.9386712,77.63481242857142,1.0,0.0,,IRR(Thanisandra road),water_logging,unknown,0.02287581699346405,31.143790849673202
303,6,13.1775471,77.63655686666667,1.0,0.0,101.67632105833334,Bellary Road 2,vehicle_breakdown,unknown,0.0196078431372549,30.980392156862745
50,6,12.923807516666665,77.55353566666666,1.0,0.0,44.5321139,ORR West 1,vehicle_breakdown,unknown,0.0196078431372549,30.980392156862745
327,6,13.026512983333333,77.63679868333334,1.0,0.0,55.73485658333334,ORR North 1,vehicle_breakdown,East Zone 2,0.0196078431372549,30.980392156862745
225,6,12.893250166666666,77.59868329999999,1.0,0.0,,Bannerghata Road,vehicle_breakdown,South Zone 2,0.0196078431372549,30.980392156862745
312,6,12.940720266666666,77.52481333333333,1.0,0.0,,Mysore Road,vehicle_breakdown,West Zone 1,0.0196078431372549,30.980392156862745
304,6,13.042631566666666,77.59802161666666,1.0,0.0,20.99778635833333,ORR North 1,vehicle_breakdown,North Zone 1,0.0196078431372549,30.980392156862745
289,6,12.8798283,77.5957551,1.0,0.0,50.30348728333333,Bannerghata Road,vehicle_breakdown,South Zone 2,0.0196078431372549,30.980392156862745
53,6,12.97834445,77.62873915,1.0,0.0,,Old Madras Road,road_conditions,unknown,0.0196078431372549,30.980392156862745
164,6,12.978382168333333,77.54350685333333,1.0,0.0,100.30911363333333,Magadi Road,vehicle_breakdown,West Zone 2,0.0196078431372549,30.980392156862745
353,6,12.95707195,77.7454269,1.0,0.0,,Varthur Road,vehicle_breakdown,East Zone 1,0.0196078431372549,30.980392156862745
356,6,13.128196516666668,77.61388031666667,1.0,0.0,402.88345245,Bellary Road 2,vehicle_breakdown,North Zone 2,0.0196078431372549,30.980392156862745
19,6,12.9466502,77.69869901666667,1.0,0.0,83.40713503333333,ORR East 1,vehicle_breakdown,East Zone 1,0.0196078431372549,30.980392156862745
329,5,13.05923814,77.63284992,1.0,0.0,56.3099261,Hennur Main Road,vehicle_breakdown,North Zone 1,0.016339869281045753,30.81699346405229
28,5,12.936710798000002,77.692987768,1.0,0.0,80.2417693,ORR East 1,vehicle_breakdown,unknown,0.016339869281045753,30.81699346405229
8,5,13.06316038,77.59338385999999,1.0,0.0,116.95864045,Bellary Road 2,others,unknown,0.016339869281045753,30.81699346405229
6,5,13.0419769,77.59428147999999,1.0,0.0,69.89742749999999,ORR North 1,construction,North Zone 1,0.016339869281045753,30.81699346405229
320,5,12.965693988000002,77.535300244,1.0,0.0,26.33293743333333,West of Chord Road,vehicle_breakdown,West Zone 2,0.016339869281045753,30.81699346405229
295,5,12.96787534,77.60021166,1.0,0.0,125.653309,Mysore Road,vehicle_breakdown,unknown,0.016339869281045753,30.81699346405229
285,5,12.982854756,77.63750662,1.0,0.0,15.48599905,Old Madras Road,vehicle_breakdown,Central Zone 1,0.016339869281045753,30.81699346405229
291,5,12.906620528,77.473202356,1.0,0.0,53.884139566666676,Mysore Road,vehicle_breakdown,West Zone 1,0.016339869281045753,30.81699346405229
355,5,12.916876740000001,77.59750222,1.0,0.0,72.25106845833334,Bannerghata Road,vehicle_breakdown,unknown,0.016339869281045753,30.81699346405229
368,5,12.88485158,77.5965503,1.0,0.0,,Bannerghata Road,pot_holes,South Zone 2,0.016339869281045753,30.81699346405229
296,5,12.93735748,77.62733528,1.0,0.0,41.87327523333333,IRR(Thanisandra road),vehicle_breakdown,South Zone 2,0.016339869281045753,30.81699346405229
49,5,12.97754012,77.54565422,1.0,0.0,,Magadi Road,construction,unknown,0.016339869281045753,30.81699346405229
108,5,12.926011460000002,77.67663428,1.0,0.0,55.661782849999994,ORR East 1,vehicle_breakdown,unknown,0.016339869281045753,30.81699346405229
4,5,13.0006009,77.68148562,1.0,0.0,31.903825633333334,ORR East 2,water_logging,unknown,0.016339869281045753,30.81699346405229
207,5,12.92945712,77.61591866,1.0,0.0,88.61606261666667,Hosur Road,vehicle_breakdown,unknown,0.016339869281045753,30.81699346405229
182,5,13.125510539999999,77.6123136,1.0,0.0,1374.0037077916666,Bellary Road 2,others,North Zone 2,0.016339869281045753,30.81699346405229
213,5,12.93516486,77.69131304,1.0,0.0,71.193086375,ORR East 1,vehicle_breakdown,East Zone 1,0.016339869281045753,30.81699346405229
292,5,12.97573624,77.56243864000001,1.0,0.0,46.02277490833333,Magadi Road,vehicle_breakdown,unknown,0.016339869281045753,30.81699346405229
206,5,13.019922260000001,77.65270302,1.0,0.0,33.73741513333333,ORR North 1,vehicle_breakdown,unknown,0.016339869281045753,30.81699346405229
315,5,13.01426764,77.56580736000001,1.0,0.0,,Tumkur Road,others,West Zone 2,0.016339869281045753,30.81699346405229
175,5,12.969231059999998,77.59057494,1.0,0.0,,Mysore Road,vehicle_breakdown,unknown,0.016339869281045753,30.81699346405229
88,5,12.95970007,77.64856005,1.0,0.0,35.956496816666665,Old Airport Road,congestion,unknown,0.016339869281045753,30.81699346405229
18,4,12.921684500000001,77.60029445,1.0,0.0,11.78033255,Bannerghata Road,vehicle_breakdown,unknown,0.013071895424836602,30.653594771241828
318,4,12.9563545475,77.7319385025,1.0,0.0,9.947234283333334,Varthur Road,vehicle_breakdown,East Zone 1,0.013071895424836602,30.653594771241828
331,4,13.04370045,77.560171075,1.0,0.0,,ORR North 2,vehicle_breakdown,unknown,0.013071895424836602,30.653594771241828
333,4,13.1356043,77.617341925,1.0,0.0,1484.8001652916664,Bellary Road 2,vehicle_breakdown,unknown,0.013071895424836602,30.653594771241828
366,4,12.965040375000001,77.568219325,1.0,0.0,1329.6718114416667,Mysore Road,accident,Central Zone 2,0.013071895424836602,30.653594771241828
302,4,12.961513825,77.5335158,1.0,0.0,13.018610533333334,West of Chord Road,others,unknown,0.013071895424836602,30.653594771241828
33,4,12.974404974999999,77.544972675,1.0,0.0,42.99305833333334,West of Chord Road,vehicle_breakdown,unknown,0.013071895424836602,30.653594771241828
357,4,13.022022725,77.64926352500001,1.0,0.0,25.888201816666665,ORR North 1,vehicle_breakdown,unknown,0.013071895424836602,30.653594771241828
358,4,13.0030131,77.68232557500001,1.0,0.0,360.33911475,ORR East 2,vehicle_breakdown,East Zone 2,0.013071895424836602,30.653594771241828
363,4,13.015759925000001,77.5539765,1.0,0.0,31.9243745,Tumkur Road,vehicle_breakdown,West Zone 1,0.013071895424836602,30.653594771241828
364,4,12.977861725,77.548475975,1.0,0.0,,West of Chord Road,vehicle_breakdown,West Zone 2,0.013071895424836602,30.653594771241828
214,4,12.98922055,77.652835425,1.0,0.0,,Old Madras Road,vehicle_breakdown,unknown,0.013071895424836602,30.653594771241828
238,4,13.043661375,77.602326525,1.0,0.0,40.16658739166667,ORR North 1,vehicle_breakdown,North Zone 1,0.013071895424836602,30.653594771241828
369,4,12.985864075,77.551797875,1.0,0.0,,West of Chord Road,vehicle_breakdown,West Zone 2,0.013071895424836602,30.653594771241828
359,4,12.8756406,77.64883234999999,1.0,0.0,114.97710778333334,Hosur Road,accident,South Zone 2,0.013071895424836602,30.653594771241828
322,4,12.983238924999998,77.549070825,1.0,0.0,31.80648258333333,West of Chord Road,road_conditions,unknown,0.013071895424836602,30.653594771241828
330,4,13.150630075,77.6198581,1.0,0.0,142.3646873,Bellary Road 2,construction,unknown,0.013071895424836602,30.653594771241828
367,4,13.0114003,77.55122635000001,1.0,0.0,1266.7043570583332,West of Chord Road,others,West Zone 1,0.013071895424836602,30.653594771241828
372,4,13.025423,77.64096785000001,1.0,0.0,74.82553706666666,ORR North 1,vehicle_breakdown,unknown,0.013071895424836602,30.653594771241828
86,26,12.85509119076923,77.58876642576924,0.8461538461538461,0.0,23.094614033333336,Bannerghata Road,pot_holes,South Zone 1,0.08496732026143791,29.63298139768728
143,20,12.999945825000001,77.67583663,0.85,0.0,46.285173425,ORR East 2,vehicle_breakdown,East Zone 2,0.06535947712418301,28.76797385620915
313,10,12.967822430000002,77.57456635,0.6,0.4,35.039840266666666,Mysore Road,water_logging,unknown,0.032679738562091505,27.633986928104576
205,41,12.963153909999999,77.59563760658537,0.5853658536585366,0.0975609756097561,38.2121372,Mysore Road,vehicle_breakdown,unknown,0.13398692810457516,26.21154152717998
64,6,12.938212285,77.69828720833333,0.6666666666666666,0.0,49.972616783333336,ORR East 1,water_logging,East Zone 1,0.0196078431372549,20.98039215686274
130,14,12.961195728571427,77.63708685714286,0.5714285714285714,0.07142857142857142,33.196245600000005,Old Airport Road,vehicle_breakdown,unknown,0.0457516339869281,20.859010270774974
159,108,12.977280379814815,77.58598368953704,0.0,0.1574074074074074,48.72731708333333,Non-corridor,vehicle_breakdown,unknown,0.35294117647058826,20.79520697167756
179,11,13.095816509090907,77.59423118181819,0.5454545454545454,0.0,44.67258238333333,Bellary Road 2,vehicle_breakdown,North Zone 2,0.03594771241830065,18.161021984551393
349,5,13.011288859999999,77.61561128000001,0.0,0.8,25.30426093333333,Non-corridor,vehicle_breakdown,North Zone 1,0.016339869281045753,16.816993464052292
249,4,13.019598275,77.61894805,0.0,0.75,,Non-corridor,accident,unknown,0.013071895424836602,15.653594771241833
223,4,12.999731,77.599838875,0.0,0.75,68.46058618333333,Non-corridor,construction,unknown,0.013071895424836602,15.653594771241833
336,4,12.99044005,77.661860275,0.0,0.75,,Non-corridor,construction,Central Zone 1,0.013071895424836602,15.653594771241833
352,12,12.989657466666666,77.66372811666666,0.0,0.6666666666666666,,Non-corridor,construction,Central Zone 1,0.0392156862745098,15.294117647058824
224,20,12.935777835,77.60774186500001,0.35,0.05,85.19914190833333,Non-corridor,vehicle_breakdown,South Zone 2,0.06535947712418301,14.767973856209151
145,81,12.980799133333333,77.57079964938272,0.0,0.07407407407407407,41.99649041666667,Non-corridor,vehicle_breakdown,unknown,0.2647058823529412,14.716775599128539
132,72,13.009929589583333,77.69648231569445,0.0,0.08333333333333333,64.99985590833333,Non-corridor,vehicle_breakdown,unknown,0.23529411764705882,13.431372549019608
17,5,12.979244286,77.564426142,0.4,0.0,15.806193233333332,Non-corridor,vehicle_breakdown,unknown,0.016339869281045753,12.816993464052286
118,47,13.019799980851063,77.70922175957448,0.0,0.2553191489361702,29.33008175,Non-corridor,vehicle_breakdown,unknown,0.15359477124183007,12.786121540814907
71,10,13.02229106,77.60229448999999,0.0,0.5,141.18639924166666,Non-corridor,protest,unknown,0.032679738562091505,11.633986928104575
126,67,12.940377923880597,77.74707666865672,0.0,0.029850746268656716,18.794602966666666,Non-corridor,congestion,unknown,0.21895424836601307,11.544727343673788
62,11,13.016169209090908,77.70930909090909,0.0,0.45454545454545453,35.47125140833333,Non-corridor,road_conditions,unknown,0.03594771241830065,10.888294711824123
365,4,12.992189825,77.715922475,0.0,0.5,39.2511919,Non-corridor,road_conditions,East Zone 1,0.013071895424836602,10.653594771241831
144,4,12.9975877,77.609976875,0.0,0.5,,Non-corridor,tree_fall,unknown,0.013071895424836602,10.653594771241831
13,38,12.944768533421053,77.59676890526316,0.0,0.21052631578947367,36.582239099999995,Non-corridor,vehicle_breakdown,unknown,0.12418300653594772,10.41967664258686
105,22,13.01469510909091,77.57191677272728,0.0,0.3181818181818182,40.185318925000004,Non-corridor,vehicle_breakdown,unknown,0.0718954248366013,9.95840760546643
79,26,12.984699453846153,77.57360565384616,0.0,0.2692307692307692,40.85542368333333,Non-corridor,vehicle_breakdown,Central Zone 2,0.08496732026143791,9.632981397687281
221,18,12.961909648888888,77.58831932944445,0.2222222222222222,0.0,14.661843316666667,Non-corridor,vehicle_breakdown,Central Zone 2,0.058823529411764705,9.607843137254902
101,48,13.062159385416665,77.45928918125,0.0,0.0625,27.298359316666662,Non-corridor,vehicle_breakdown,unknown,0.1568627450980392,9.09313725490196
117,43,13.057435658139536,77.47130328372093,0.0,0.09302325581395349,,Non-corridor,vehicle_breakdown,unknown,0.14052287581699346,8.886608907128743
324,5,12.99906718,77.5713205,0.0,0.4,58.32599383333334,Non-corridor,procession,unknown,0.016339869281045753,8.816993464052288
343,53,12.91861725,77.58946,0.0,0.0,,Non-corridor,accident,South Zone 1,0.17320261437908496,8.660130718954248
31,33,12.916948527272726,77.58616760909091,0.0,0.15151515151515152,57.91070034166667,Non-corridor,vehicle_breakdown,unknown,0.10784313725490197,8.422459893048128
131,7,12.9712108,77.59773595714286,0.14285714285714285,0.14285714285714285,48.774039916666666,Non-corridor,water_logging,unknown,0.02287581699346405,8.286647992530344
166,13,13.026827415384615,77.58003916153847,0.0,0.3076923076923077,918.2126136,Non-corridor,tree_fall,unknown,0.042483660130718956,8.278029160382102
3,9,13.006473855555555,77.5790528,0.0,0.3333333333333333,53.07258183333333,Non-corridor,vehicle_breakdown,unknown,0.029411764705882353,8.137254901960784
139,15,13.0487475,77.64545028666666,0.0,0.26666666666666666,915.2772623999999,Non-corridor,construction,unknown,0.049019607843137254,7.784313725490197
173,6,12.926489616666666,77.58041906666666,0.0,0.3333333333333333,2928.5208131000004,Non-corridor,tree_fall,unknown,0.0196078431372549,7.647058823529412
141,8,12.93924495,77.598101025,0.125,0.125,11.603118716666668,Non-corridor,vehicle_breakdown,unknown,0.026143790849673203,7.557189542483661
185,9,12.993336888888889,77.66165367777778,0.1111111111111111,0.1111111111111111,,Non-corridor,vehicle_breakdown,unknown,0.029411764705882353,7.026143790849673
120,12,13.001945741666667,77.61216165,0.0,0.25,43.487176141666666,Non-corridor,vehicle_breakdown,unknown,0.0392156862745098,6.96078431372549
56,30,13.049068333333334,77.49664900333333,0.0,0.1,64.24225388333335,Non-corridor,vehicle_breakdown,West Zone 1,0.09803921568627451,6.901960784313727
301,7,12.988654342857144,77.47266255714285,0.0,0.2857142857142857,20.779717133333335,Non-corridor,vehicle_breakdown,unknown,0.02287581699346405,6.8580765639589165
104,7,13.081573214285713,77.54828255714287,0.0,0.2857142857142857,32.50854434166667,Non-corridor,vehicle_breakdown,unknown,0.02287581699346405,6.8580765639589165
244,13,13.053498115384617,77.64622051538461,0.0,0.23076923076923078,329.12024915,Non-corridor,construction,East Zone 2,0.042483660130718956,6.739567621920564
198,15,12.955284361333334,77.591687988,0.0,0.2,87.37563088333333,Non-corridor,vehicle_breakdown,unknown,0.049019607843137254,6.450980392156863
123,23,12.97409191478261,77.56999761739131,0.0,0.13043478260869565,57.811105424999994,Non-corridor,vehicle_breakdown,unknown,0.07516339869281045,6.366865586814435
280,8,13.0190612125,77.531927275,0.0,0.25,90.36818116666667,Non-corridor,vehicle_breakdown,unknown,0.026143790849673203,6.30718954248366
228,8,13.06622465,77.640695375,0.0,0.25,112.65264815,Non-corridor,construction,East Zone 2,0.026143790849673203,6.30718954248366
338,4,12.93119625,77.580105675,0.0,0.25,81.48729145833335,Non-corridor,vehicle_breakdown,unknown,0.013071895424836602,5.65359477124183
370,4,12.911856925,77.585808225,0.0,0.25,114.12928961666668,Non-corridor,vehicle_breakdown,South Zone 1,0.013071895424836602,5.65359477124183
344,4,13.03457587,77.55734061,0.0,0.25,50.98280819166666,Non-corridor,vehicle_breakdown,North Zone 2,0.013071895424836602,5.65359477124183
252,4,12.9381226,77.5568174,0.0,0.25,164.88984642499997,Non-corridor,pot_holes,unknown,0.013071895424836602,5.65359477124183
246,4,12.9024716,77.62753295,0.0,0.25,,Non-corridor,vehicle_breakdown,South Zone 2,0.013071895424836602,5.65359477124183
171,4,12.934354475,77.6297739,0.0,0.25,47.55357693333333,Non-corridor,vehicle_breakdown,South Zone 2,0.013071895424836602,5.65359477124183
155,4,12.9390639625,77.5798816025,0.0,0.25,35.52425829166667,Non-corridor,tree_fall,unknown,0.013071895424836602,5.65359477124183
308,4,13.04582815,77.750067475,0.0,0.25,17.2937739,Non-corridor,vehicle_breakdown,unknown,0.013071895424836602,5.65359477124183
235,4,12.945148825,77.74699545,0.0,0.25,,Non-corridor,vehicle_breakdown,East Zone 1,0.013071895424836602,5.65359477124183
218,4,12.923034982499999,77.58351324,0.0,0.25,66.3340463,Non-corridor,others,unknown,0.013071895424836602,5.65359477124183
348,4,12.98563445,77.47936855,0.0,0.25,104.65397676666666,Non-corridor,vehicle_breakdown,unknown,0.013071895424836602,5.65359477124183
371,4,12.999140425,77.541275525,0.0,0.25,38.377358533333336,Non-corridor,vehicle_breakdown,West Zone 2,0.013071895424836602,5.65359477124183
91,10,12.968062900000001,77.56806509,0.0,0.2,162.27975358333333,Non-corridor,vehicle_breakdown,unknown,0.032679738562091505,5.633986928104576
127,30,12.93618358,77.70546632333334,0.0,0.03333333333333333,667.9821421083334,Non-corridor,construction,unknown,0.09803921568627451,5.568627450980392
217,11,13.021038754545456,77.52831060909091,0.0,0.18181818181818182,3.5981080333333333,Non-corridor,vehicle_breakdown,unknown,0.03594771241830065,5.433749257278669
255,5,12.965763900000002,77.61731222,0.0,0.2,22.930431433333336,Non-corridor,vehicle_breakdown,unknown,0.016339869281045753,4.816993464052288
70,5,12.97962588,77.51061372000001,0.0,0.2,96.92336635833333,Non-corridor,vehicle_breakdown,West Zone 1,0.016339869281045753,4.816993464052288
346,5,12.901768839999999,77.66054421999999,0.0,0.2,,Non-corridor,others,unknown,0.016339869281045753,4.816993464052288
328,5,12.887328980000001,77.73819834,0.0,0.2,42.013669908333334,Non-corridor,vehicle_breakdown,unknown,0.016339869281045753,4.816993464052288
317,5,12.921345579999999,77.58598534000001,0.0,0.2,720.2234510000001,Non-corridor,water_logging,South Zone 1,0.016339869281045753,4.816993464052288
36,24,12.960775066666665,77.514028225,0.0,0.041666666666666664,51.846628374999995,Non-corridor,vehicle_breakdown,unknown,0.0784313725490196,4.754901960784314
188,23,12.994561560869567,77.59570889130434,0.0,0.043478260869565216,125.86585328333334,Non-corridor,vehicle_breakdown,unknown,0.07516339869281045,4.627735152031827
122,22,12.974834122727271,77.57680396818182,0.0,0.045454545454545456,27.483989266666665,Non-corridor,vehicle_breakdown,unknown,0.0718954248366013,4.503862150920974
281,6,12.986974433333335,77.5723009,0.0,0.16666666666666666,12.460511191666669,Non-corridor,vehicle_breakdown,Central Zone 2,0.0196078431372549,4.313725490196078
158,6,12.948258449999999,77.57368946666666,0.0,0.16666666666666666,45.738235375,Non-corridor,pot_holes,unknown,0.0196078431372549,4.313725490196078
294,6,13.007398883333332,77.68936956666666,0.0,0.16666666666666666,31.693810616666667,Non-corridor,vehicle_breakdown,East Zone 2,0.0196078431372549,4.313725490196078
203,6,13.009910033333334,77.5060742,0.0,0.16666666666666666,107.16770984999997,Non-corridor,vehicle_breakdown,unknown,0.0196078431372549,4.313725490196078
229,6,12.9516341,77.59057025,0.0,0.16666666666666666,27.474483075,Non-corridor,vehicle_breakdown,unknown,0.0196078431372549,4.313725490196078
57,18,12.8399546,77.67696851666668,0.0,0.05555555555555555,56.47194215,Non-corridor,vehicle_breakdown,unknown,0.058823529411764705,4.052287581699346
257,7,12.917115971428572,77.58051612857143,0.0,0.14285714285714285,,Non-corridor,construction,unknown,0.02287581699346405,4.00093370681606
194,7,12.9846482,77.55501908571429,0.0,0.14285714285714285,48.637037058333334,Non-corridor,vehicle_breakdown,unknown,0.02287581699346405,4.00093370681606
150,7,12.948277814285715,77.593622,0.0,0.14285714285714285,69.83975466666668,Non-corridor,vehicle_breakdown,unknown,0.02287581699346405,4.00093370681606
261,16,12.95818719375,77.57426921875,0.0,0.0625,56.49172753333333,Non-corridor,vehicle_breakdown,unknown,0.05228758169934641,3.8643790849673203
29,8,12.9514752125,77.49955735,0.0,0.125,77.72595585833334,Non-corridor,vehicle_breakdown,West Zone 1,0.026143790849673203,3.8071895424836604
85,8,12.916203175,77.6156842,0.0,0.125,1924.5822883916667,Non-corridor,vehicle_breakdown,South Zone 2,0.026143790849673203,3.8071895424836604
133,14,13.069364664285715,77.44690644285716,0.0,0.07142857142857142,,Non-corridor,vehicle_breakdown,unknown,0.0457516339869281,3.716153127917834
306,9,12.924519448888889,77.62812047333334,0.0,0.1111111111111111,69.07206078333333,Non-corridor,vehicle_breakdown,unknown,0.029411764705882353,3.69281045751634
119,9,12.913843466666668,77.67770327777777,0.0,0.1111111111111111,74.589714525,Non-corridor,vehicle_breakdown,unknown,0.029411764705882353,3.69281045751634
242,10,13.10248507,77.58611227,0.0,0.1,1963.8026591666667,Non-corridor,vehicle_breakdown,unknown,0.032679738562091505,3.633986928104575
299,10,13.057009099999998,77.54660903999999,0.0,0.1,30.117760241666666,Non-corridor,vehicle_breakdown,unknown,0.032679738562091505,3.633986928104575
69,12,12.983144415,77.57677276166667,0.0,0.08333333333333333,21.925417683333333,Non-corridor,vehicle_breakdown,Central Zone 2,0.0392156862745098,3.6274509803921564
197,11,12.9867844,77.58002036363636,0.0,0.09090909090909091,66.40673485833334,Non-corridor,vehicle_breakdown,unknown,0.03594771241830065,3.615567439096851
92,19,12.991559031578948,77.57172449473684,0.0,0.0,113.74449883333334,Non-corridor,vehicle_breakdown,unknown,0.06209150326797386,3.104575163398693
112,19,12.96173842631579,77.6307959631579,0.0,0.0,820.8788695333334,Non-corridor,water_logging,unknown,0.06209150326797386,3.104575163398693
93,17,13.052290970588235,77.48765415294118,0.0,0.0,,Non-corridor,vehicle_breakdown,unknown,0.05555555555555555,2.7777777777777777
149,16,12.9599682375,77.5043356375,0.0,0.0,62.9970976,Non-corridor,vehicle_breakdown,unknown,0.05228758169934641,2.6143790849673203
2,15,12.954796046666667,77.58555055333333,0.0,0.0,44.04752773333333,Non-corridor,vehicle_breakdown,Central Zone 2,0.049019607843137254,2.450980392156863
48,15,12.917003861333335,77.57325291266667,0.0,0.0,,Non-corridor,vehicle_breakdown,unknown,0.049019607843137254,2.450980392156863
345,14,12.882574057142858,77.75463260000001,0.0,0.0,,Non-corridor,accident,unknown,0.0457516339869281,2.287581699346405
27,14,12.984083723571429,77.75247691285713,0.0,0.0,75.83953751666667,Non-corridor,vehicle_breakdown,unknown,0.0457516339869281,2.287581699346405
39,13,13.074990046153847,77.43645356923076,0.0,0.0,,Non-corridor,vehicle_breakdown,unknown,0.042483660130718956,2.1241830065359477
241,13,13.005296915384616,77.6852528,0.0,0.0,41.68275345,Non-corridor,vehicle_breakdown,East Zone 2,0.042483660130718956,2.1241830065359477
114,13,13.067124569230769,77.45089280769231,0.0,0.0,,Non-corridor,vehicle_breakdown,unknown,0.042483660130718956,2.1241830065359477
94,12,12.873307016666667,77.6249677,0.0,0.0,,Non-corridor,pot_holes,South Zone 1,0.0392156862745098,1.9607843137254901
267,12,12.994846483333333,77.61609004166667,0.0,0.0,48.712875966666665,Non-corridor,pot_holes,North Zone 1,0.0392156862745098,1.9607843137254901
277,11,13.0117955,77.56922340909091,0.0,0.0,32.26246835,Non-corridor,vehicle_breakdown,unknown,0.03594771241830065,1.7973856209150325
274,11,12.9666426,77.50476757272727,0.0,0.0,42.76717533333333,Non-corridor,vehicle_breakdown,unknown,0.03594771241830065,1.7973856209150325
72,11,13.008440372727273,77.52691879999999,0.0,0.0,17.941085933333333,Non-corridor,vehicle_breakdown,West Zone 1,0.03594771241830065,1.7973856209150325
256,10,12.98205536,77.56432094,0.0,0.0,63.193024916666666,Non-corridor,vehicle_breakdown,unknown,0.032679738562091505,1.6339869281045754
265,10,12.906839869,77.545774351,0.0,0.0,434.8060255666667,Non-corridor,vehicle_breakdown,South Zone 1,0.032679738562091505,1.6339869281045754
199,10,12.890219759999999,77.56420363,0.0,0.0,34.984809266666666,Non-corridor,vehicle_breakdown,unknown,0.032679738562091505,1.6339869281045754
152,10,13.009979210000001,77.59084084999999,0.0,0.0,101.92965708333332,Non-corridor,water_logging,unknown,0.032679738562091505,1.6339869281045754
11,10,12.91677424,77.59508258,0.0,0.0,121.41991448333332,Non-corridor,pot_holes,South Zone 1,0.032679738562091505,1.6339869281045754
251,9,12.987879177777778,77.57759952222222,0.0,0.0,48.95618971666667,Non-corridor,vehicle_breakdown,Central Zone 2,0.029411764705882353,1.4705882352941175
42,9,12.942619288888888,77.6224887,0.0,0.0,115.36127803333335,Non-corridor,pot_holes,unknown,0.029411764705882353,1.4705882352941175
44,9,12.85556749111111,77.66495258,0.0,0.0,38.20984111666667,Non-corridor,vehicle_breakdown,unknown,0.029411764705882353,1.4705882352941175
298,8,12.878377825,77.61011260000001,0.0,0.0,,Non-corridor,pot_holes,unknown,0.026143790849673203,1.3071895424836601
232,8,12.98787416375,77.7341163975,0.0,0.0,26.36466031666667,Non-corridor,vehicle_breakdown,East Zone 1,0.026143790849673203,1.3071895424836601
219,8,12.8963570625,77.6260973875,0.0,0.0,36.53795035,Non-corridor,pot_holes,South Zone 2,0.026143790849673203,1.3071895424836601
275,8,13.006711975,77.5927595875,0.0,0.0,15.148319633333333,Non-corridor,vehicle_breakdown,unknown,0.026143790849673203,1.3071895424836601
266,8,12.9235230625,77.5763634625,0.0,0.0,,Non-corridor,road_conditions,unknown,0.026143790849673203,1.3071895424836601
106,8,12.96976358625,77.7499800875,0.0,0.0,1489.6837300583334,Non-corridor,pot_holes,unknown,0.026143790849673203,1.3071895424836601
226,8,13.1100031,77.5801594375,0.0,0.0,1322.3417039583333,Non-corridor,water_logging,unknown,0.026143790849673203,1.3071895424836601
140,8,12.9948531625,77.7577280875,0.0,0.0,22.67732095,Non-corridor,vehicle_breakdown,unknown,0.026143790849673203,1.3071895424836601
40,8,12.9454300625,77.4955625125,0.0,0.0,52.3679289,Non-corridor,vehicle_breakdown,West Zone 1,0.026143790849673203,1.3071895424836601
162,8,12.9662468375,77.624712475,0.0,0.0,39.90084218333334,Non-corridor,vehicle_breakdown,Central Zone 1,0.026143790849673203,1.3071895424836601
74,8,12.965754412499999,77.512476525,0.0,0.0,25.483341383333332,Non-corridor,vehicle_breakdown,unknown,0.026143790849673203,1.3071895424836601
286,7,12.911622404285714,77.55285676285715,0.0,0.0,37.87154209166667,Non-corridor,vehicle_breakdown,unknown,0.02287581699346405,1.1437908496732025
176,7,13.257304199999998,77.71259222857144,0.0,0.0,41.368442566666666,Non-corridor,vehicle_breakdown,unknown,0.02287581699346405,1.1437908496732025
284,7,13.023701914285713,77.7158745,0.0,0.0,30.331280299999996,Non-corridor,vehicle_breakdown,unknown,0.02287581699346405,1.1437908496732025
279,7,12.960894514285714,77.7476073,0.0,0.0,22.837104183333334,Non-corridor,vehicle_breakdown,unknown,0.02287581699346405,1.1437908496732025
142,7,13.008656871428572,77.57145454285714,0.0,0.0,51.778375716666666,Non-corridor,vehicle_breakdown,West Zone 2,0.02287581699346405,1.1437908496732025
63,7,12.989710571428573,77.59288992857144,0.0,0.0,23.29224866666667,Non-corridor,vehicle_breakdown,unknown,0.02287581699346405,1.1437908496732025
73,7,13.121305399999999,77.61805748571429,0.0,0.0,1510.57253935,Non-corridor,pot_holes,North Zone 2,0.02287581699346405,1.1437908496732025
190,7,13.003886807142857,77.75695476714284,0.0,0.0,21.141693908333334,Non-corridor,vehicle_breakdown,unknown,0.02287581699346405,1.1437908496732025
51,6,12.959089883333334,77.59336086666667,0.0,0.0,65.02808755833333,Non-corridor,vehicle_breakdown,unknown,0.0196078431372549,0.9803921568627451
319,6,12.957781633333333,77.51899408333334,0.0,0.0,569.8624514500001,Non-corridor,vehicle_breakdown,West Zone 1,0.0196078431372549,0.9803921568627451
323,6,12.876383383333334,77.61664835,0.0,0.0,,Non-corridor,pot_holes,South Zone 1,0.0196078431372549,0.9803921568627451
314,6,13.000615566666667,77.75759976666666,0.0,0.0,98.94985726666668,Non-corridor,others,East Zone 2,0.0196078431372549,0.9803921568627451
288,6,13.0019341,77.52561428333333,0.0,0.0,40.706447116666666,Non-corridor,vehicle_breakdown,West Zone 1,0.0196078431372549,0.9803921568627451
290,6,12.960077383333333,77.57199723333333,0.0,0.0,31.81484378333333,Non-corridor,vehicle_breakdown,Central Zone 2,0.0196078431372549,0.9803921568627451
227,6,12.978828066666667,77.51537223333334,0.0,0.0,81.57853856666668,Non-corridor,vehicle_breakdown,West Zone 1,0.0196078431372549,0.9803921568627451
262,6,12.973373766666667,77.51318096666667,0.0,0.0,53.34333818333334,Non-corridor,vehicle_breakdown,West Zone 1,0.0196078431372549,0.9803921568627451
350,6,13.048515533333335,77.55472588333333,0.0,0.0,50.469250208333335,Non-corridor,vehicle_breakdown,North Zone 1,0.0196078431372549,0.9803921568627451
264,6,12.988075133333332,77.57418788333332,0.0,0.0,50.00418185833333,Non-corridor,vehicle_breakdown,unknown,0.0196078431372549,0.9803921568627451
128,6,12.977683878333332,77.75121597833333,0.0,0.0,14.3899262,Non-corridor,vehicle_breakdown,unknown,0.0196078431372549,0.9803921568627451
204,6,13.021555883333335,77.53233606666667,0.0,0.0,50.3255556,Non-corridor,vehicle_breakdown,West Zone 1,0.0196078431372549,0.9803921568627451
148,5,13.07351482,77.43957744,0.0,0.0,,Non-corridor,vehicle_breakdown,unknown,0.016339869281045753,0.8169934640522877
326,5,13.02635976,77.62013032,0.0,0.0,31.029903775,Non-corridor,others,North Zone 1,0.016339869281045753,0.8169934640522877
98,5,12.98972406,77.59926802,0.0,0.0,,Non-corridor,vehicle_breakdown,unknown,0.016339869281045753,0.8169934640522877
342,5,12.81933276,77.68829683999999,0.0,0.0,37.67183235,Non-corridor,vehicle_breakdown,unknown,0.016339869281045753,0.8169934640522877
340,5,12.98340198,77.6033745,0.0,0.0,40.923147574999994,Non-corridor,vehicle_breakdown,Central Zone 2,0.016339869281045753,0.8169934640522877
12,5,12.96668938,77.66160066,0.0,0.0,,unknown,pot_holes,unknown,0.016339869281045753,0.8169934640522877
245,5,13.099751079999999,77.58886043999999,0.0,0.0,42.22061374166667,Non-corridor,vehicle_breakdown,unknown,0.016339869281045753,0.8169934640522877
243,5,12.99354136,77.60533882,0.0,0.0,,Non-corridor,vehicle_breakdown,North Zone 1,0.016339869281045753,0.8169934640522877
272,5,12.916903832,77.673374326,0.0,0.0,11.757047016666666,Non-corridor,vehicle_breakdown,unknown,0.016339869281045753,0.8169934640522877
276,5,12.97132336,77.50677042,0.0,0.0,275.29325528333334,Non-corridor,accident,West Zone 1,0.016339869281045753,0.8169934640522877
278,5,12.985960180000001,77.48765546,0.0,0.0,36.01166658333333,Non-corridor,others,West Zone 1,0.016339869281045753,0.8169934640522877
189,5,12.97970934,77.58171542,0.0,0.0,156.2564053,Non-corridor,vehicle_breakdown,unknown,0.016339869281045753,0.8169934640522877
310,5,12.919432838,77.54223190600001,0.0,0.0,71.11098845,Non-corridor,vehicle_breakdown,unknown,0.016339869281045753,0.8169934640522877
309,5,12.836395360000001,77.67911991999999,0.0,0.0,57.72944888333333,Non-corridor,vehicle_breakdown,unknown,0.016339869281045753,0.8169934640522877
200,5,12.82106422,77.68688528,0.0,0.0,,Non-corridor,pot_holes,unknown,0.016339869281045753,0.8169934640522877
100,5,12.951425080000002,77.6213944,0.0,0.0,,Non-corridor,pot_holes,South Zone 2,0.016339869281045753,0.8169934640522877
90,5,13.0446225,77.64353974000001,0.0,0.0,17.883263433333333,Non-corridor,vehicle_breakdown,unknown,0.016339869281045753,0.8169934640522877
360,4,12.9929922,77.574323925,0.0,0.0,42.154906975,Non-corridor,vehicle_breakdown,Central Zone 2,0.013071895424836602,0.6535947712418301
351,4,12.8964483,77.72048815,0.0,0.0,,Non-corridor,vehicle_breakdown,unknown,0.013071895424836602,0.6535947712418301
250,4,12.87757235,77.624836075,0.0,0.0,,Non-corridor,pot_holes,South Zone 1,0.013071895424836602,0.6535947712418301
248,4,13.02650145,77.7208116,0.0,0.0,88.28321268333333,Non-corridor,others,East Zone 2,0.013071895424836602,0.6535947712418301
283,4,12.8769402,77.610991375,0.0,0.0,,Non-corridor,pot_holes,unknown,0.013071895424836602,0.6535947712418301
362,4,12.994170225,77.618326825,0.0,0.0,,Non-corridor,vehicle_breakdown,unknown,0.013071895424836602,0.6535947712418301
341,4,12.841016575000001,77.649547425,0.0,0.0,108.00630046666666,Non-corridor,vehicle_breakdown,unknown,0.013071895424836602,0.6535947712418301
354,4,12.874228375000001,77.541128625,0.0,0.0,80.19145851666667,Non-corridor,vehicle_breakdown,South Zone 1,0.013071895424836602,0.6535947712418301
297,4,13.0777545,77.430191225,0.0,0.0,,Non-corridor,vehicle_breakdown,unknown,0.013071895424836602,0.6535947712418301
208,4,13.070183,77.56508815000001,0.0,0.0,358.28831121666667,Non-corridor,tree_fall,unknown,0.013071895424836602,0.6535947712418301
332,4,13.116705325,77.57802515,0.0,0.0,1188.4166868083332,Non-corridor,construction,unknown,0.013071895424836602,0.6535947712418301
316,4,12.9711617075,77.5665158825,0.0,0.0,40.080208533333334,Non-corridor,vehicle_breakdown,unknown,0.013071895424836602,0.6535947712418301
34,4,12.968750825,77.5701252,0.0,0.0,40.853275133333334,Non-corridor,congestion,Central Zone 2,0.013071895424836602,0.6535947712418301
156,4,12.9436861,77.5799876,0.0,0.0,137.85110428333334,Non-corridor,water_logging,unknown,0.013071895424836602,0.6535947712418301
311,4,13.054834225,77.47357715000001,0.0,0.0,,Non-corridor,vehicle_breakdown,unknown,0.013071895424836602,0.6535947712418301
307,4,13.160829425,77.59565892500001,0.0,0.0,38.768891116666666,Non-corridor,public_event,unknown,0.013071895424836602,0.6535947712418301
37,4,13.019185775,77.53977574999999,0.0,0.0,,Non-corridor,vehicle_breakdown,unknown,0.013071895424836602,0.6535947712418301
160,4,13.0389964,77.7398453,0.0,0.0,63.05508714166666,Non-corridor,vehicle_breakdown,unknown,0.013071895424836602,0.6535947712418301
59,4,12.969801075,77.7320096,0.0,0.0,,Non-corridor,pot_holes,unknown,0.013071895424836602,0.6535947712418301
135,4,12.983098550000001,77.5604563,0.0,0.0,,Non-corridor,others,West Zone 2,0.013071895424836602,0.6535947712418301
147,4,12.88337165,77.7524523,0.0,0.0,,Non-corridor,others,unknown,0.013071895424836602,0.6535947712418301
99,4,12.89858765,77.54398505,0.0,0.0,,Non-corridor,pot_holes,South Zone 1,0.013071895424836602,0.6535947712418301
335,4,12.937114375,77.57977572499999,0.0,0.0,,Non-corridor,vehicle_breakdown,Central Zone 2,0.013071895424836602,0.6535947712418301
334,4,12.944049425,77.5678783,0.0,0.0,98.24602408333334,Non-corridor,vehicle_breakdown,Central Zone 2,0.013071895424836602,0.6535947712418301
339,4,13.05489235,77.53514932499999,0.0,0.0,49.01502551666667,Non-corridor,vehicle_breakdown,North Zone 2,0.013071895424836602,0.6535947712418301
305,3,12.923820266666667,77.58027853333333,0.0,0.0,75.81569514166667,Non-corridor,vehicle_breakdown,unknown,0.00980392156862745,0.49019607843137253
